x,y,sin(x)
2.1436716007436747,1.4499023158135773,0.84034590724891
0.16908371727778088,0.5953528140173455,0.16827920387961262
0.6922809574484173,1.8205898871647457,0.6382947041624375
0.5792211260199888,2.950102784119882,0.5473722716365812
0.5526246865718242,0.9395634960032389,0.5249230356369241
2.5512701361304058,1.4466292037467507,0.5566289868492186
2.9007738625306825,0.18084611905210063,0.23849786950730148
0.8688840962904101,0.26798468359472777,0.7636088969518868
2.5753349084472967,0.6265735663100935,0.5364776694475011
2.795680347161338,1.9797185612438015,0.3390550855727222
1.6115442136577092,0.8559279054084225,0.9991699197224125
0.7695789911072853,2.9839358139492274,0.6958329301657463
2.5894313430827527,1.307535584130221,0.5245285768988652
0.671556155348784,1.9610448961796554,0.6222049829263921
2.329387444179443,1.7765895491404313,0.7258059004856506
1.9790155189397924,1.5614221324108697,0.9178292148422852
2.913535830268515,1.2556487335740116,0.22608508848015219
0.7285610616332415,1.401595617901657,0.6657966849450483
2.510525633371851,3.1290790097525485,0.5900066040865978
1.6278634731235713,0.2892652936321978,0.998372112266527
0.7274534498226936,3.035237915612887,0.6649698507520545
0.5212027663663338,0.796168754126538,0.4979235619084278
1.56385016647071,2.507142643424198,0.9999758755253744
1.8306834500228415,0.7255028937178726,0.9664189904008399
0.5791148670828395,1.2297408649340082,0.5472833415856551
0.046793761069777104,2.238462558210095,0.04677668589878839
1.4801086907443102,2.9043894526813214,0.9958906938214638
2.2878438898463154,1.3706897689760702,0.7537492412821656
2.8858685565397346,1.9152565950028213,0.2529460245827895
1.9651730369891294,1.0915622475708917,0.9232362320813017
2.8812255363569195,0.6580024367229409,0.25743531297481204
2.7165045404669166,2.954183532027606,0.4124010546105298
0.6853160480351315,2.95010800179739,0.6329177335328116
2.7210195734798663,3.0663041873154766,0.4082836591827073
2.295724914900447,3.07317477494792,0.7485467758158164
0.8729395546907068,2.836633568312238,0.7662211349234722
2.503986171272278,1.7614974434780224,0.5952739021722476
2.71817417679626,0.9713555255527305,0.4108794377944158
0.9407118931410229,1.2301798595584215,0.8079777617874063
1.6557515393222353,0.919320502112688,0.9963934758555989
0.22458242651665788,0.9978543488103881,0.2226992945214829
1.8322975046219545,2.4075737966483124,0.966002965758642
0.747404997318404,2.9524035051575983,0.6797377324878565
2.4032041708624843,1.7906083098395102,0.6730969817469149
0.5454798726394204,2.240750430694662,0.5188283829887606
0.9825087747045058,0.8610484047903545,0.8318921995479234
0.04547290994823036,2.811794071803712,0.04545724019746656
0.10226487777949203,1.6668950425535687,0.10208672148839666
1.5604348572087614,2.0805213476354156,0.9999463204542636
1.4712472177385487,2.7143905937952972,0.9950490781164538
0.4011509803335166,0.9934785424405244,0.39047820722258836
0.809156473263945,0.5909488511178455,0.723705306397778
0.00999374958613398,1.7503173283520144,0.009993583232623438
1.1971596370581852,2.5683841947986634,0.9310061001281776
1.8091586502106318,2.6964675352647505,0.9717259521468892
1.3423986807504613,0.15758012439643326,0.9740304455731071
2.6235513993001938,2.490057133491635,0.4951793486491752
1.9367643864326305,0.8647458648755811,0.9337777753118581
0.8359272632130538,0.3333760526959654,0.7419185513231973
2.547901106815773,0.9325509685571016,0.559424681423647
1.5691839053173984,0.382402663726878,0.9999987000487711
2.383872929933864,1.1731010033131994,0.6872668290563486
1.7784213148813781,1.5232175482326706,0.9785232506251378
1.374259426251948,2.899303129851637,0.9807487111259158
1.2445558922687234,2.7485621930922886,0.9472539158094214
0.06985421717954521,2.363242175368811,0.0697974207964487
1.4745089880650506,0.3075487923564224,0.9953679545979369
1.9589664953040946,1.4145675917885152,0.9256031917751805
2.972302972910054,1.0389646929567853,0.1684822265434024
1.3676172153639348,3.0721832855290225,0.9794300343250973
1.5256874641951585,2.873854264375783,0.998982767764513
1.630848322693191,2.871003757333497,0.9981974207034691
1.2836264210662856,2.6338626048590648,0.9590493086937781
1.8183403782723018,2.3539809227331516,0.9695171104031473
0.2210131583381144,2.232919859895091,0.21921824954441474
1.534303056240086,1.6554256217383714,0.999334194498055
1.916826510218528,1.8292811676124543,0.9407265486860713
2.336965138714366,1.5087832964690475,0.7205724193744649
1.350351776966376,1.5894453359020115,0.9758003389616365
0.9512809556519641,0.5059410846069444,0.8141599474814462
0.018504085399562033,0.7641268033826655,0.018503029447538424
2.3765487752057117,0.7356703090914517,0.6925686509888652
0.24371209807094843,1.0710670079931093,0.2413066822386866
1.5393428194561223,1.4661204836555304,0.9995053792183768
0.9561785856902966,1.392679655825099,0.8169939347486439
2.641520727668741,2.879188511287921,0.4794886582980966
2.9860079862592883,0.5153687093492018,0.1549577309361102
1.001774033968478,1.3596136253228004,0.8424281748120505
2.8204222611166094,0.7865984474670747,0.31567732290155226
1.0603787857705886,3.045260199521035,0.8725405975466078
2.551325440280754,1.589233882204598,0.5565830414557094
2.50964117902975,1.8773309091656019,0.5907204802619408
2.058639098104293,3.019155325119897,0.883346052464178
0.7184930933736474,2.162098977879183,0.6582510227107335
0.43251708702121744,1.6089185786829936,0.4191574253153655
1.333201252448632,1.146596253935059,0.971906822498703
0.47607303321961253,2.432979714061275,0.4582924243383128
2.7434678804912385,1.2848816334108373,0.387690460277186
0.5627433053850376,2.3780565985970012,0.5335084757348925
0.09517348636427582,0.6299859451239722,0.09502987130186206
1.7569346772055872,0.07447042786652781,0.9827262181986673
1.347134575344068,0.989225108946551,0.975091805861531
2.6973633519620055,2.258106465681986,0.4297621119583977
0.5052666678286301,3.120893844464739,0.4840408039957697
1.1320845347032067,0.64259713772445,0.9052996109471967
2.012221312104497,2.5553508416641564,0.9041437873583004
2.9250720446494682,1.892459837962771,0.21483278011137338
0.8224721677016038,1.484165325499956,0.7328301590038689
2.1617249210555216,2.8762400420481735,0.8304236872669271
0.46826271763768046,1.7262038154776085,0.4513366968571207
2.3252654270176016,1.7392204969187133,0.7286352601338395
0.9210561649089908,0.11923579578563447,0.796241022167493
0.7657478298668675,1.9589737278610864,0.693076276134961
0.7220053407710346,2.4388187182420644,0.6608909718200087
1.1644349775349196,1.8328954095363519,0.9185651485104596
1.0321862491303246,2.533597800623683,0.858422461735232
1.924670575466872,1.8494015304914002,0.9380371949048111
1.7112738995392678,2.2029496379427775,0.9901492413048376
2.3550732711395215,0.8854625258789519,0.7078991581525884
0.9266262162392749,0.4775899451184932,0.7995984199472032
3.017668536441281,1.7754901579686397,0.12360717297872438
1.7074014417708072,2.302142460545229,0.9906840218976113
2.1344739133148414,1.7221044817294215,0.8452959028108876
2.162230198829853,0.5579440932350584,0.8301420746591233
0.4784576268592516,2.5346262057743263,0.4604105496724581
0.4556077515845679,0.553012614454721,0.4400081521751428
1.4515534769881382,1.3039784816624658,0.9928989913892139
1.6397025542367674,2.7051240899698716,0.9976269051008524
0.8546537979788383,0.6401550655346422,0.7543436867448644
0.5658666436770846,0.9530806292403099,0.5361475722221486
1.5831147855120928,3.0042475998557676,0.9999241287468437
2.072314989386861,1.5611502903255765,0.8768534645391673
0.7186533103473435,0.826680466605436,0.658371625360221
0.6861811094915862,0.017222666661257775,0.6335872436951229
2.9999038685580155,1.5934202114598448,0.14121517681390974
2.277318316609523,2.726306436765079,0.7606243691362515
0.10787239023679611,0.80322751418114,0.10766330326654498
3.0838408632550336,1.9037351331843453,0.05771969272584149
0.02669149360627462,0.1493761799141707,0.02668832438976552
0.8324023008770239,0.009800526381322509,0.739550494862662
2.8818588154215976,1.7430831232717703,0.25682332666230867
0.25254545924906496,0.34740445788627206,0.24986948216695887
2.685168577286409,3.070346842632057,0.44074106000472785
0.4545174487223662,2.025409673442279,0.43902880565022
0.5631024530154691,1.5466996754631788,0.5338122064896101
2.46512441918363,1.377358286846522,0.6260429035733627
2.813057638100127,0.31291509956964025,0.3226567437840155
1.447439574045374,2.2637023601993986,0.9924011989536751
0.12090005328957962,3.036412946007183,0.1206057393577127
0.9905606891219275,1.7505538669601444,0.8363334916088435
0.04804516088319825,1.7805159943866133,0.048026678942154157
1.096961484034744,0.6284924969285267,0.8898249890573847
2.0712835117734474,0.6334286597504925,0.8773488888321118
0.8332010525121359,0.06207593003519468,0.7400878994765789
2.048377592848222,2.226706035834832,0.8881092480776249
2.91376497206248,2.4608684895499198,0.22586187379355302
1.4644180995223246,1.9018385372944488,0.9943471701714458
0.6506538742750481,0.2777185915950043,0.6057068150414069
2.8987922923229807,0.2904386305892931,0.24042178807956865
2.9714961802866067,1.0607013251603956,0.1692774308975843
0.4238186112796118,2.1110686665703575,0.41124420337707723
2.8262978085720993,2.5481284114460374,0.3100967953319772
0.91781367629193,2.036160690247867,0.7942752006286401
0.4026750307913401,0.269098756351388,0.39188081259276913
0.37094886259697263,1.3066485194373758,0.36249991959014655
2.385882782939005,0.355719793387559,0.6858054745442738
0.2778503535632378,1.2089350003485508,0.2742890822400313
2.3975119112879115,2.822425049220499,0.6772957888829892
0.7527838888668186,2.602287132494795,0.6836730565271318
1.3156480778643385,1.985411983257102,0.9676258899431155
0.44930337359201733,0.6623080279392967,0.43433815338962534
2.0504226398598004,0.3204966187466935,0.8871674216892287
1.4381769047223696,2.666962056484321,0.9912189258330133
1.2372539102047544,1.578678928375973,0.9448885147276411
2.527955217368273,0.25876505472376604,0.5758450811310337
1.442038498762647,2.7589271491575262,0.9917221565858643
2.1726260079654054,1.7077577253284235,0.8243011182831421
2.456691139783583,2.9412246820538877,0.6325967388638476
1.9317064437217386,0.11709297112226971,0.9355758253719598
3.020298572238908,0.7348426192802373,0.12099688183318176
1.7306344268037797,1.0440070464172582,0.987253064053343
0.6880481467187374,0.36644675700404195,0.6350306115953639
1.7023657336888482,0.564674493902588,0.9913572239541256
0.7682984143697067,1.7289630588872569,0.694912644945074
0.26177954511418594,0.9893316267549768,0.25879987848970015
2.3761815908750394,1.4648996184537515,0.6928334734354012
0.8309435552636103,0.37400693666858426,0.7385678251023262
0.9853304928798035,3.0389580126170856,0.8334547622378828
3.104970662287801,1.624862262209164,0.036613805796733276
1.2583895410772916,1.0348822693167337,0.9515966015746073
1.3864228381894161,1.5925988672551914,0.9830513023125743
2.8921462068766584,2.128346588997163,0.2468675767212786
2.4820667298543566,1.3802121894589616,0.6127422665228349
2.7001426124742576,1.6858853320146618,0.42725094392309265
1.4713860117507498,1.596303022466473,0.9950628625429301
0.6675996660855466,2.0763274458214407,0.6191027661792677
0.2062104237096127,0.8846817010586612,0.20475208911850962
0.25074313598309395,2.4108984592779374,0.24812392455873972
0.4303653733946278,1.3747114066798938,0.4172028864977305
0.8461846014224913,2.6805742837604347,0.7487568442059078
2.4421922914669993,1.132439419588193,0.6437589431003437
0.7210772230413338,0.6256474760992157,0.6601941516908064
1.3251036168782249,0.8597385274502568,0.9699690710557932
1.4392783726161535,0.26265972096282425,0.9913639727311132
0.9729072378244935,2.047295871938481,0.8265256852248408
0.5560961514435638,0.7541656756351828,0.5278746030374253
0.8420435525580352,1.2552602574597598,0.7460055595324826
2.677750262295979,0.9245900404346746,0.4473878055943747
3.122970155377814,0.8140860329465301,0.018621421858193068
1.164507486111061,2.893661762929554,0.9185938065326797
1.4506332627600251,3.0707741753900537,0.9927891018990779
1.0523975792233906,2.385926227065835,0.8686136973170387
1.1480595509653517,2.881581324034812,0.9119695732637548
2.1588192019837726,0.7060389356984375,0.8320390494834717
2.310095746182039,0.028122882965241725,0.7389407705042672
0.9960029614889626,1.0450663892448027,0.8393046596395767
0.4555940365038786,0.5817540621832011,0.4399958360766306
2.222758492056182,0.4918674024384555,0.7948947910714559
1.3803875293781873,3.0996493880685287,0.9819269480370529
2.8786265062674534,0.5750940372583024,0.25994587183457696
1.285961030087513,1.1325598106975419,0.9597079471987091
0.08706926234397182,0.10916592501358083,0.08695929120504259
2.2812318163623657,2.1999537887670244,0.758077937280372
3.096925144547033,1.5324572654140303,0.04465265719028822
1.4651188892040594,0.396291615742824,0.9944213342408793
2.9928363213654983,0.8445947335273453,0.14820831449474245
0.510790633369715,0.17234098968926878,0.48886711516193365
0.6687184322160316,3.0684173737025486,0.6199809567575778
1.0728917215655953,0.962076407191042,0.8785852203307026
1.27531708459331,0.19765184698066557,0.9566626976446362
2.8257312367905487,2.7375907886761968,0.31063538815183805
3.055229548843989,1.7175919377190618,0.08625578700355324
1.602878992205127,1.7916705031952997,0.9994853954324555
2.1888867031676793,1.2047923087751173,0.8149865304894448
1.9717231598313436,2.0739985051218617,0.9206996726652702
2.7034433793413575,0.9535835480557718,0.4242642893592927
0.33860565743155135,1.860517561469979,0.33217224542372986
1.7645535158837578,0.780115136638761,0.9812877269987517
2.5394417261881763,1.335429868335245,0.5664164028603188
2.432306222897635,0.7506100299855616,0.651292461357786
2.4110528329541205,2.894872015824725,0.6672717983387115
3.0825308209614377,1.529937489524989,0.05902750105099584
0.08891905998255195,1.880559872373431,0.08880193173460947
0.33331587267447566,1.8942745464057806,0.3271781971754016
0.48169798271611663,2.769362001803934,0.4632846111778561
1.8248940389159412,1.5770528013431209,0.9678904997337789
1.3535152425776515,3.002042573325106,0.9764871894058054
0.20146848305832188,2.5228549582583066,0.200108327233931
0.8770796485584035,2.7943911665217276,0.7688748896786759
1.2276095443666428,1.8417870930822393,0.9416871294146504
1.5892413059658854,0.9380510935930747,0.9998298961944604
2.3742237514848803,0.5362733144950278,0.6942439379970371
1.5363132721894177,2.1251793513221577,0.9994055183832758
2.594099731666023,0.14723382005252558,0.5205482429721081
1.6979307394847343,1.827689274183416,0.9919293000130459
1.122124122538033,1.3520953876849338,0.9010238538048704
2.532052932899443,0.6125171673666103,0.5724901324069905
0.5855254730441389,2.7472939416357636,0.5526373993005977
2.7937838891776017,0.8672103204947875,0.34083859897019286
2.1155915562807834,0.3515012853986319,0.8552334295905516
2.995122971058986,0.8596835757080286,0.1459465326815992
0.6592412140286974,1.4191506253991966,0.6125172405053663
0.7311921940644737,1.7748487138451785,0.6677575533729734
1.43432170208007,2.9841283725124947,0.99070178371127
0.4673301661152011,1.1229671082386077,0.45050433489177955
0.12480484129321694,2.5799958506435816,0.12448109499860886
1.1055519367015467,2.459404642230984,0.8937119488250813
2.3595667918886725,0.9898512433660066,0.7047181875552092
2.7928288515968274,2.065308539412973,0.34173629507003744
0.7330308593752032,2.12058487410341,0.6691250874032907
2.9666175392107395,0.6213361429384854,0.17408363200830354
0.24893428911737783,2.9322641714133026,0.24637123844462108
0.24595998356553,0.20003058868380041,0.24348752876768873
2.216018472249945,0.19417167951824138,0.798966193726123
0.2130089211876328,1.7391453550738243,0.21140176969079316
3.0493787220565074,0.9841478999357494,0.09208329828857145
0.8614555255085162,1.7367827043666546,0.7587913991723446
0.40439779042314306,0.9316494351360153,0.3934651966918442
2.414170901437407,2.7855450172183036,0.6649461763725937
1.327168523076203,1.4278544855259387,0.9704692464084467
2.8276702192069876,0.3544911318105972,0.30879174606768917
1.547104133354344,0.8579336741394713,0.9997193531130828
0.02508130723599559,0.5044757608665671,0.025078677660803225
0.5131575558539477,3.10655801031047,0.4909305482324771
0.3122288087734434,2.4026833933614906,0.3071804463993271
0.5697262366389804,0.7500716095257702,0.5394015468745085
0.8500149737719825,0.6487812604828539,0.7512902874932074
0.23680833393306816,2.229737332070201,0.23460123453125456
2.7612255832413948,2.461755587774879,0.3712613296676233
2.1152117325509248,1.5655234280103572,0.855430208874893
1.3947959227604416,2.898481254431153,0.9845518676895344
2.8233911490316554,1.3605180732934694,0.31285885721765083
1.9216108983253857,1.8744956258373242,0.9390930864369897
2.141692140315946,0.19541255305751387,0.8414172277361663
2.2388420612279245,1.6966762966543605,0.7850337398731057
1.3806168375089811,0.7191905096798962,0.9819703211509317
0.9210026222132731,0.3826467043080448,0.7962086287911501
2.785834236928862,1.1374994007664705,0.3483013919205361
1.159518957298862,1.8734417620917871,0.9166109033382076
1.3722294976011447,2.6571289649425136,0.9803502983110666
0.8679386456677871,1.0465618229118692,0.762998098084488
1.7393257918850518,1.6199296943795867,0.985832489720334
1.6906259858055726,2.098075176700165,0.9928290133458976
1.3563316886449568,0.033829669760625736,0.9770904722685996
1.1098572869693692,1.774975042774943,0.8956352175662523
1.7019360735665598,1.8953089025362697,0.9914134996205921
1.2002704233925154,0.38028491960092026,0.9321370418998469
2.4476116609084366,1.4004608216057493,0.6396024548429778
0.4819586721875246,1.3844963709957958,0.46351562093257886
2.263397456569131,2.3425951083956633,0.7695876919710627
0.6555498891100001,0.9899619579176395,0.6095952396286242
2.9280422653269143,1.142004562418145,0.21193096818750667
1.209487135890283,0.18981813331144082,0.9354348275330574
1.0171853364478631,0.7757404508638529,0.8506315494883749
2.8305006158722623,2.055286300000897,0.306098438516457
0.14883638568273314,0.9906967447447135,0.14828748338097777
3.071330692615985,1.8660550454398153,0.0702041643661303
2.9175562066510294,1.1360710779362582,0.2221669928613312
2.087992484984098,1.8520848464252515,0.8692089399671344
1.7894537492758273,2.046497804160814,0.976189559894061
1.647303055381568,1.2728117395449237,0.9970747874986997
0.26206045774486003,2.7817941089922886,0.2590712104824543
0.285200476650328,0.018666959137505264,0.28134983539759456
2.169725632321679,0.4081906949828859,0.8259397012929541
3.009544217670994,1.742568147127578,0.13166502021985996
1.6029953698023458,0.49814793721262374,0.9994816556010456
0.0031995517475201514,0.9353100032000173,0.0031995462884843433
2.6038837118537277,0.7514181899206548,0.5121695834737648
2.6091778113681308,2.554622610168485,0.5076154081240986
1.0571832819551077,0.8056054337893909,0.8709750087626845
2.13571321812731,1.4309800033342286,0.8446330952015674
0.44479815207338275,2.7230487419597345,0.4302756814418097
0.51282723267548,1.4896228977001242,0.49064274432634103
2.235031233136293,2.7640498327761573,0.7873886627937411
1.6019836607310645,1.927018135807499,0.9995137145183502
1.8501643479447347,2.5309200139401686,0.961229897302709
1.6452704484507927,1.2251085203047998,0.9972280841354763
2.9545661755014896,1.7251240317726575,0.18593805324029225
2.4777495575107866,0.059224309983834794,0.6161483328727992
2.8246793873242613,2.132038292311313,0.3116350296998989
0.9161310828669305,0.06639846972975201,0.7932518034182705
3.0775375240205762,2.347609861413735,0.06401133488548354
2.5722661980112305,3.120018912255859,0.5390648686663253
0.3127965041011909,3.0062517935080373,0.30772064486122536
0.27365451994493845,1.9757564956704385,0.27025176764599523
0.6016810854501063,2.465606620347868,0.5660291345819496
1.0567520985648278,0.7270027266016457,0.87076307562478
0.6893839768749263,1.451149904952902,0.6360619560936676
0.16286061969867283,2.3252123189540748,0.1621416327149407
1.3980499784594735,0.4109510321432943,0.9851164169815789
0.8247053308812468,0.9105056501624228,0.7343478005760368
1.453520469852696,0.5421690337164323,0.9931310648369158
2.4613984959069013,0.8121405620776591,0.6289439838830027
1.010878662737104,0.3510388280067394,0.847298843857601
0.12661557247618185,0.6456009659310192,0.12627753722489352
2.6217783659922835,1.9516358880175915,0.49671896449140457
1.5403810182800066,3.007567636979426,0.9995374901609285
0.7670162601585953,1.714701904758234,0.6939900843977265
2.916206358454084,2.907044135708924,0.22348290369785484
2.3096833759738855,1.148837292651412,0.7392185505039954
1.324822076085014,2.2358114569833756,0.9699005539285148
1.0905213746731013,1.0681321048277979,0.8868679220889503
0.22321577763014885,1.6076060274345971,0.22136675847889556
0.8974031802815566,0.46785237205271124,0.7817100612486143
2.248844481884648,2.411184352692636,0.7787985432768197
0.23761396677216245,0.8236978260269613,0.23538430730421955
1.1827403602994957,1.4770939952362891,0.9256464106705764
1.8584768135241931,3.056548230775396,0.9589045671560523
2.3246419793100714,1.4752137540288277,0.7290621190405892
2.3336457423083687,2.8580109847156305,0.7228700474130362
0.9192547572892233,2.6538542004438037,0.7951499160891091
1.0343454896190711,1.577823473510023,0.8595280277986688
0.49432457830742177,0.4221715798092562,0.47443719300732684
2.2911253241676928,0.5815828952398555,0.751588752632616
0.8339972298500601,1.3267498250657657,0.7406231021902496
1.5092944393027732,1.371348055491511,0.9981093549744349
2.826572090536031,2.4144919796032362,0.30983602243915653
0.020197181133905506,2.3392862702259554,0.020195808002270763
2.691381882351443,0.25355476724703563,0.43515531279909053
2.3243036767501524,1.1544628111596162,0.7292936276689237
2.0268059813269717,0.12327706178660029,0.8978168652925079
1.2788708736222842,0.7149669731686269,0.9576915119521475
1.9604117096994997,3.003294086545819,0.9250552184065949
2.9801050105769535,0.8399213542426405,0.1607866715506665
0.2993397231354655,0.343531366534121,0.2948893557072473
0.2129118444622575,2.1517854595769004,0.21130688597636008
1.069702984874709,0.30068545699049526,0.8770578614263081
0.32376172090402666,2.876278747327329,0.3181350852684247
2.8832174997408044,1.9688164805882058,0.25550997818442023
2.4736216131355864,2.173400593047395,0.619394367477649
0.4976857884994309,1.737172117574079,0.47739334496045
1.173783571167009,1.134022151702272,0.9222201704240058
1.3049902304481444,0.09542234925666036,0.9648810632456106
2.9984079969101436,0.9000036485978478,0.14269589967519158
1.034274357827206,0.18818482658862945,0.8594916709754276
1.5086195616079956,2.422855413958847,0.9980676475873037
1.6617836848077976,1.3511632861802274,0.9958635052555825
2.4561074209428857,2.120503108521473,0.6330487104240192
2.727042687713434,2.623486006662653,0.4027780559990336
2.1073002591363332,0.9288264173484387,0.8595008902526333
1.1414324031052545,2.747689418853395,0.9092307274182932
0.7195692405176404,0.3925765311993154,0.6590607633591263
1.2505912081809483,1.6553940328932555,0.9491708746570879
1.8090475857456396,2.44225949607589,0.9717521697588654
2.4093568734329414,2.3242831801603954,0.6685340130136079
3.0143487693855007,2.0760088693470955,0.12690079432042575
2.7438744351349027,1.7754095521770936,0.3873156703962182
2.474870793513752,0.6922437939004674,0.6184131779251474
2.8295060772955978,0.7491330414099389,0.30704508757061455
2.1867066174697096,0.02926888186696963,0.8162479086096603
2.9703451547708215,1.4082398105561869,0.17041173293552817
1.6133601029518434,0.8336305495113431,0.9990942992283078
0.2861227293231792,0.7565434813369943,0.28223471414427115
2.291860621292845,2.0060016049134233,0.7511035240012742
2.979731122967527,0.4927840484891918,0.1611556833296802
0.0975158879631508,0.7430023077408181,0.09736140933871841
1.9543621550301058,2.345151126336962,0.9273360956565856
0.9574585029143656,1.2473040416143804,0.8177313248342869
1.269776681481181,2.412105375215303,0.955034666763552
2.884292526358994,0.567053704609988,0.25447048810582273
1.0505156594512537,1.2019043044607236,0.8676796874702211
1.9660494198375664,1.953296707858862,0.9228991425270328
1.3301463985827184,1.8284702484012636,0.9711832800700642
2.9117290088502057,0.9299721604522588,0.22784475688138864
1.158230314714122,3.1177615417866544,0.9160949682361813
0.312210143329031,1.2245555989937307,0.30716268335160724
1.316323325942781,2.0063541303080856,0.9677960944241883
1.272719070111441,0.5245934870855196,0.9559029323665766
2.781499602896615,0.5447998947648575,0.35236131759807965
1.0411688990595391,0.043165065168383455,0.8629953583290246
0.923642201012527,0.7463816819317393,0.7978028568740131
1.2787271103486142,0.6271845293242408,0.957650127452976
2.170871117590734,2.4978424743548704,0.8252933825414441
1.3267362006141645,0.5581368838467087,0.9703648687868598
1.6400781484406624,1.1646538960191037,0.9976009744294624
2.2312144299921863,2.910159511899702,0.7897358163393294
0.08418851548447089,1.2035204406210844,0.08408910014600145
0.41833206978897747,0.49604635627700294,0.4062369179439579
2.2780174528309414,2.789691138360957,0.7601703094677631
2.849975791174329,0.5112150217908872,0.28750119916256545
2.7238461611364984,2.964959760905805,0.4057017666195704
2.2217429627663967,2.9775089109938255,0.7955105507203406
3.08458738566295,0.6552285942830707,0.05697439888433497
2.6794816700869863,0.8070993913444657,0.4458386684287655
2.179488272390418,2.1383676329427908,0.820396658224787
2.0110016181276795,1.0742558887674882,0.9046642024749421
2.6801920502056493,0.4240967606839657,0.4452026852714257
2.7650921419974286,1.554425561012625,0.36766835369792533
0.8609157124522914,0.017804776668174063,0.7584396901891475
2.682980241328773,0.7702105184324608,0.4427043285167476
1.8479061700351698,1.9447190150514937,0.9618501344964445
0.000585529339044901,3.0649186919175704,0.0005855293055873056
0.6192060820995906,0.18612721875888727,0.5803888248148245
2.449179862839925,0.28557209322214494,0.6383961828487665
1.0750231519331122,1.4553233258296272,0.8796011643191274
2.6485541186996033,2.5836060568984527,0.4733047106505324
1.8933515704537525,0.5369550178994609,0.9484285258422793
3.099667901535706,1.8067330263037877,0.041912471383266536
2.399718845199108,1.052874520920809,0.6756704756346775
0.2923076906825811,1.4724832283747877,0.28816279219544055
2.6319882821684573,0.4622891364007169,0.4878319260175859
2.0857415515439572,2.661726894127067,0.8703196997124224
0.691536029470614,1.318745010791914,0.6377210874457727
1.6235889467152422,0.08431866166408716,0.9986067932653833
0.5037600055927782,1.9237665578292358,0.4827218572006722
1.1719588134972583,0.8090175991697346,0.921513065196031
2.339822014227074,2.388575949508496,0.7185885820646521
1.4242925416479069,0.03711785824150509,0.9892875015654777
2.078031963155516,1.3079771163758689,0.8740906707313705
2.8253760970772297,2.009388588365656,0.3109729392035015
2.2039060656613585,1.0128266639375658,0.8061915179111719
0.28920465206610235,1.1762756081097632,0.28518999745504175
1.295823590259767,1.225645052119422,0.9624326005809297
0.9931605879680696,2.1401761409628888,0.8377559826243682
1.5031012764340659,2.920042582555598,0.9977095649615304
2.8175305837668607,2.918692691785381,0.31841981532365843
1.0772531095542963,0.6917696194052947,0.8806597937695002
2.3292703628684195,1.7215953750167037,0.725886435692282
1.4711345244032656,1.4051745117212853,0.9950378717970226
2.631770642934893,0.7101663446963933,0.4880218999275945
0.7404745996349452,2.1177956128212556,0.6746383125834534
1.644484317214668,2.6690087236723983,0.9972862683128835
1.9848951267093677,2.1761205474806737,0.9154793036340562
1.183437092073677,0.7600073416220181,0.9259098220663405
1.7702957876420125,2.7139157077955347,0.9801658968429645
0.932231920948353,2.3164743313526515,0.8029522613422071
3.10208954535839,1.2298473796083758,0.039492834962172506
2.1590931509895532,1.9224884238070918,0.8318870540759796
1.9775070782742812,2.270564547755843,0.9184269843626959
2.935967637140257,2.291321677762297,0.20417904932405784
1.384415059394538,1.2003853920420962,0.9826812336891472
3.0827485855360623,0.35584232591949744,0.05881011478220054
0.28278720534939383,2.078758527501815,0.27903323051901874
3.1045580747481725,1.7246256636123736,0.037026113564162404
2.260979372098225,1.8177556705911644,0.771129486935634
1.8219348696207363,2.6021713829017656,0.9686301137778913
1.1199354887333641,2.7210847680901615,0.9000723338770886
0.6380156463765069,1.904380561474383,0.5956026250076959
3.0867966015691137,2.337055472869425,0.05476863429944526
0.7389706794259141,2.1489786181003896,0.6735274336772796
2.7649398342503124,1.5853406234490788,0.36780998908515306
0.1792197852857935,1.8400135134966211,0.1782619096873291
2.517246083199242,1.7109538265834408,0.5845672407541544
2.7318802564878593,1.585591082625377,0.3983455448959701
0.7694150798467327,1.155175749776056,0.6957151991474773
3.06918892160632,2.220090920984555,0.07234048821064037
1.1681418342356087,0.25600077177980246,0.9200240420764554
0.4974897029325118,1.4401613014388928,0.4772210374152126
1.317867194266613,1.7121554309620257,0.9681835872193945
3.0546510889757297,2.6392624326612837,0.0868320765026008
0.3565432109012862,1.2849715605040477,0.34903693705142474
2.177036653503855,1.427093797099393,0.8217960143462456
0.4275457269020171,1.5756799426859447,0.4146386989814372
2.152924499338583,2.7717460274601646,0.8352944670815363
0.4844962127061171,2.1953196826432673,0.46576261230672683
2.96487751002169,1.5528665441593308,0.17579682806666028
2.8705082385915297,0.8512926113859086,0.2677764072667164
3.092625925771231,3.079844778800066,0.048947161913878254
2.759623851404994,1.1867218868564042,0.3727481063178784
1.2124030910313817,1.1128320932310218,0.9364616369757583
1.4633622503191237,1.1245208660567863,0.9942345082886112
0.986114744103193,0.5137201832294995,0.8338878734601711
1.546185121716828,1.5847268434147457,0.9996971595789239
0.7473866120394497,0.49376145632862684,0.6797242475934622
3.0161135150696308,0.8259317531682671,0.12515011917800173
1.3127261328438014,2.369014800339327,0.9668842939399457
1.0556411952884546,0.4481865881334538,0.8702163041531273
2.938253484577327,0.1536863534308254,0.20194082507489586
1.0918005107992022,2.817872502677681,0.8874581867465728
1.3241767712570531,0.52159292030625,0.9697432193898273
1.9726952673141114,0.33220612838379976,0.9203198515171715
2.2951110936849646,1.8135224428056693,0.7489536485654325
1.3372749285476413,1.5561359849959229,0.9728575601677508
0.6982437097597811,0.8457844077992062,0.6428734094971081
1.953737952113824,0.2358170686328017,0.9275695101672486
0.5344967451515634,2.5152885922727815,0.509408040525773
1.9442778103062652,2.003946421946718,0.9310627397483252
2.0186780235425434,0.45424580998792197,0.9013664703229027
2.007147921031216,0.9091886004482904,0.9062996382650066
1.105785837956562,2.60442509575095,0.8938168621232835
1.2450785611715078,2.8470134000867837,0.9474212934558717
0.8325706042697871,1.6807150602350183,0.7396637695835047
2.4798711806846376,0.5918049066839025,0.6144758930473885
2.25013181220822,0.044095626208231625,0.7779903891765043
2.1722151904497515,0.38291109348668506,0.8245336337230094
3.05147587629432,2.6818158346484857,0.08999485325149283
2.786021639349248,2.323064651345667,0.3481257180372216
1.3482475916740118,0.8033362886988175,0.9753380706900893
2.381028284546383,1.5598848157664935,0.6893304103798321
2.023343639848501,0.4450867119492617,0.8993361887573187
1.6871306027069868,0.34834384080737674,0.9932407963509617
0.4399494183690608,0.07131527817939387,0.42589370070641513
1.5508429446669003,1.592648419078173,0.9998009378754659
0.6815903996337874,2.2378222556374765,0.6300288796390373
2.5398462466555305,0.19274411039399494,0.5660829834415078
2.3225658239920794,1.274797256717604,0.7304815661252582
0.5626318983704314,1.8075346818718838,0.5334142449596718
0.2837754142473088,1.3432515606846858,0.27998205278849253
0.34113420795428495,0.12306613137456378,0.3345561572486467
2.4617110976840144,1.1282248314589296,0.6287009207116505
2.9578599030021926,1.9086144701770942,0.1827007607736125
0.910204056081683,0.6596731727045384,0.7896289618048441
0.3432032416569811,2.0030097578516193,0.33650524707982676
2.2233682294098247,1.4701961169309246,0.7945246868460041
1.641785925592453,2.0983855740235597,0.9974812964532634
1.902769890586892,1.6208283110939716,0.9454009819605217
1.5765184958007579,0.05417473323585989,0.9999836284356057
2.543875872551128,3.1130035702831607,0.5627565813418398
1.8375080257825311,2.0851549469454222,0.964642777452713
2.5202259893347945,0.08355901684647493,0.5821469161654051
2.066412128335433,1.0348446818344794,0.8796760177848978
2.1518438753839666,0.6401706372309298,0.8358881093689517
2.3140363022122035,1.6503448486944883,0.736280010282412
1.816429868482758,1.6392014563113793,0.9699834607450453
1.1302225249286162,1.136492069924992,0.9045071094293008
1.2448974755402855,2.2036195012335162,0.9473633325312922
0.07013941832786377,2.703849351431103,0.07008192354974035
0.11679878821607802,0.890612005951171,0.11653340862258818
1.460276989554118,0.3066177687649023,0.9938989519588777
2.5194731724040125,3.134168691183096,0.5827588542594763
2.221817303369753,2.637060479740402,0.7954655025966039
1.2091660417589056,0.9083049144725058,0.9353212727945394
1.5064869041549471,1.8892608306051728,0.997932861649524
2.6330134604022297,0.2445020714381974,0.48693675321845653
2.4746101426105778,3.0122862193452975,0.6186179902436784
1.9170695329805927,0.9277403820772604,0.9406440958544391
2.667410318985692,0.8589579261041504,0.4566111504917786
3.0762715995749406,0.6759008175363941,0.06527461150868258
1.9571065461492907,0.73075724060791,0.9263055724586613
3.0469730624113383,2.8259918066416088,0.0944784682628873
0.24507267975511254,0.8225307867417474,0.24262683349108122
2.4374228050190427,1.350575744720492,0.6474013533933025
0.3019221484709902,1.6001138347334907,0.2973559581800468
0.6964638156142672,2.440263741004755,0.6415090420361153
1.0655342614334122,3.0370643436947913,0.8750476552031882
0.3666263402437804,2.837711618784976,0.3584680248104237
2.249263554945356,1.6385833728671444,0.778535601209514
1.0977838297167095,2.20507413904156,0.8901999260975816
0.5297765807884323,0.7807832954699615,0.5053405609138837
0.6746337416175989,1.7226264386201708,0.6246113343555536
0.0778087370192945,0.5962608619716142,0.07773024917858853
3.017610342507213,0.3652989681061945,0.12366492042746896
2.988226675201777,0.2420593308709899,0.1527654617159562
0.7993504405185264,2.507335007620469,0.7169033871463513
2.1968327050085135,0.9658250150451279,0.8103563020277319
0.14586841753733581,2.933169382454998,0.14535167940006746
1.0982111326215023,2.228888066711465,0.890394511237454
2.12455297856676,1.895486206755114,0.8505549571829036
0.7152674353116419,1.0760891636124443,0.655819331845597
1.0654677365335048,1.2245920329873348,0.8750154527688065
0.4119771257658624,2.557397054171149,0.4004218109253555
0.4753752516813364,1.7236269397566741,0.4576721235603255
0.01950984687729927,2.1330027189334038,0.01950860921527125
1.0638403467705315,1.6583693273467885,0.8742264831946659
1.3374985731524365,2.898194786065564,0.9729092882660118
1.3276362717862118,1.4597995376367565,0.9705819728659217
0.8950915908868475,2.441923088033396,0.780266369720859
1.6704840359048763,2.0855819190117155,0.9950352938248687
0.07972790854482018,2.3776540975177993,0.07964346978753305
1.274777984961142,1.217398938672902,0.9565055737085865
1.9254771756377032,1.065674949535372,0.9377573749316154
2.400414689179471,1.2865491135468685,0.6751573332863439
3.1187444809118734,0.15677221867198443,0.0228461847902923
1.3803370370349408,0.21083041022696009,0.9819173905883177
2.9536896209319243,2.7389518195173874,0.1867992504429748
2.878867525562721,2.244604500139739,0.25971313046608396
0.43728093288638703,2.737899995521264,0.42347781305022936
1.5734456716362586,1.4793252029495767,0.9999964904880085
0.7045985972236768,1.0632867311284664,0.6477280643454978
2.4915264872811895,0.6072659267315471,0.6052390783375432
2.3095985742277705,0.028527330035736223,0.7392756589060431
3.058203972781744,0.03765185300278784,0.0832920714799637
0.18640395405304733,2.592483856255483,0.18532634912037244
1.3604187810555723,0.10861504461855478,0.9779521418743646
1.145210411822661,0.3928935313264385,0.9107969916703352
2.059873516376856,3.0381427321301606,0.8827667813330157
1.6676237900041555,0.29926077687828384,0.9953158825848456
1.7912989170034281,0.3552342896596579,0.9757876460091097
0.44623954530344756,2.72067331768996,0.4315763761322164
2.956647212600313,2.691523276710986,0.18389290522505378
1.0209602217907132,1.9922731901671644,0.8526101764302478
1.2353216852328825,1.6393374291334775,0.9442541557456179
0.7181584636561319,0.07455847301063873,0.65799907710942
0.9530377981008165,0.1400519032647398,0.8151787846714295
1.1898618751744416,0.36893144922665244,0.9283176229383784
0.8187133602845224,2.640221453975651,0.730267451884457
1.424707697639809,1.7459268689989533,0.9893480208934772
2.617228291468055,2.3751217643842293,0.5006628707826513
2.6504553264252446,1.957412134485828,0.4716290847027508
1.9236512253747995,0.712942585815491,0.9383899475629809
1.736388059390121,1.8930802948907872,0.9863209891979932
1.8921268288267854,0.2510838156684742,0.9488160465727921
1.5841127744388506,0.8657647640500411,0.9999113374212794
0.223059542401132,2.31333760992369,0.22121439664691084
0.32042981196218795,0.9951328461871969,0.3149745242849311
1.5037773181927092,1.2209456062783368,0.997755066700444
0.23198098655039406,0.9874048090238696,0.22990589497988706
0.4075182809766596,2.215345625588063,0.3963320666253541
1.9659215654796205,3.1296839285873976,0.9229483642533308
2.9706395734760456,2.5552569764740682,0.17012161332716233
0.1092111165721782,0.09437672609128994,0.10899415126529417
1.8922285172141773,1.08079128048266,0.9487839255009619
1.4215376126445378,2.1431806528017305,0.9888815826317262
0.1241196101914285,1.5003757394175372,0.1238011644669224
2.451611083767898,0.34183121854721915,0.6365229679124429
2.213819494077729,2.9193902680905213,0.8002866735241205
2.9353097169397877,0.36707359084601754,0.204823065251578
2.085830450289652,1.9197509505081958,0.8702759147810408
2.2478234777392228,2.968641159537559,0.7794385867193543
1.1313038405610267,0.6796583544757203,0.9049677168342014
1.8192916526938976,0.4338894875127859,0.9692835870701066
1.949273827647973,0.7286649563790984,0.9292282851327945
0.3660129306581672,2.492214564862256,0.3578953137912502
0.6258559102130167,2.4650836872723123,0.5857911701561398
0.7416862256671694,3.0229057213472355,0.6755321770557696
1.915995285926865,3.0725992388295897,0.9410081466635054
1.7055225804895051,0.8062049009326551,0.9909381376768616
1.0139360179995647,0.7944545837864396,0.8489186929336913
2.481196713419283,2.6977763534159505,0.6134295935653618
2.173397314443417,0.7788259936927715,0.8238641967138839
0.4376724390769201,2.5935316442264913,0.4238324485795389
2.481237109523527,1.8016500359013568,0.613397690265286
0.9724901313845821,1.630357952530582,0.8262908245324124
1.4643597543120257,2.6853306662285017,0.9943409735184253
0.570980456078918,1.7832775718119227,0.5404572361581269
1.2669422878417187,2.425348408055723,0.9541904504652402
0.721357923125514,2.6558760129547783,0.6604049581054114
2.303946765970371,0.7972974557850978,0.7430697755728112
1.8480307220514176,2.9119162519382145,0.9618160524816786
2.769148242019095,1.263864417578926,0.36389334109437693
0.4965607402260588,1.2720527088140938,0.4764044747094144
1.8054465405492057,2.816606688332303,0.9725957271109528
1.483068059162556,1.2689457677936988,0.9961543429063777
1.495901915231602,0.7736628349912699,0.9971967242640583
2.37330319248914,2.0840043303619327,0.6949062066737015
1.3027533873128176,2.50397420271796,0.9642910599342417
2.1842589630961324,0.382872299895582,0.817659476422697
0.8755979975766203,0.07762190733951796,0.7679266795437875
0.39922088041460285,1.0807770191325088,0.38870060752769764
2.490836482211505,1.9311031175147313,0.6057882084405347
1.652026656285775,0.7736767971596356,0.9967026304880924
0.7783490562340204,0.3649998489024383,0.7021047830254828
1.4193533708392976,0.18616883844100318,0.9885544159968507
1.9875175729722028,2.941149148787877,0.9144209761089857
0.7757702825906427,0.5681967329448256,0.7002661737940037
0.5674523633809399,0.4902017488178576,0.5374854420731052
3.1119696502862912,1.0312135576834822,0.029618671019136164
0.5794219791176679,1.9636725814825877,0.5475403523902282
1.0501248291955108,3.016108349453714,0.8674853302292367
1.2514419686456337,3.0801875153222693,0.9494383175587082
2.7054127389795575,2.320429527301536,0.42248013698743236
0.8740972524838198,2.0063689127486435,0.7669645312370887
0.6962341526771122,1.3242442088442092,0.6413328471267695
0.397986107889197,2.0138543417233263,0.3875626363994296
2.389478680565756,0.48819834422416014,0.6831840063210589
1.7755746078398806,0.4338251041965999,0.9791060951521311
0.2961855485877827,1.3875671967184133,0.29187398096543
1.4292627584067537,0.6575886404952525,0.9900008329765115
3.105291700775612,0.4375440739057258,0.0362929806871932
2.8999160055489095,1.949663349663322,0.2393308834680399
1.7667810006614693,0.920809412471431,0.9808563971338674
0.738850505200123,1.4988107343938537,0.6734386005657819
1.850332435628284,1.552571573985362,0.9611835338432178
1.6107080541563301,0.5693957914176854,0.9992036327321036
3.047282398210099,0.001465299571291615,0.09417051163712373
0.04725099816002488,0.6924447571469587,0.047233417578771524
0.9781238653810821,1.4623054991596438,0.8294508601959656
1.266527028328525,1.2147489748420333,0.9540661225906371
2.2943348182921377,2.0764251888878675,0.7494678003091709
2.353657815611793,2.240503692104756,0.7088982040453404
2.306543432055626,2.8590212996249744,0.7413295472247375
1.7872106484741457,0.8111791683611118,0.9766736752887835
1.733161012165226,2.6600444765570805,0.9868477861379931
0.9118587330970851,1.3835911819957742,0.7906431647474451
2.729619394946071,0.5700480983831462,0.40041826735873426
1.3410719390682035,1.7741105474880503,0.9737291914272197
1.123235326965333,1.8895006899171034,0.9015053040593539
2.4979598485557104,0.33488857945283707,0.6001053517891642
2.276845990035741,1.0593012363992151,0.7609309150282153
1.0007591603168482,1.2909875082935687,0.8418809183581011
0.07441800417189326,0.943135441207429,0.0743493348834667
0.02633630794381239,2.1844743113705496,0.02633326356729611
2.6729484257786424,0.4334806533677661,0.45167710603057704
0.4745268251697254,1.4759415517250083,0.45691760506427687
1.8926386362215353,0.025827134165833453,0.9486542785689225
1.855838217961233,0.9212741194035224,0.959649873801805
0.7079692887660188,3.0548968010972843,0.6502924140872707
1.3998465371341096,0.28612854944293414,0.9854236347396159
1.3163997033911066,2.413973067654644,0.9678153185100627
1.5793035607252086,1.4802410056558353,0.9999638137036709
2.6924144603919453,0.7554709943244191,0.4342253937602836
2.8776097235121214,2.0101295678452087,0.2609275663002896
0.2719678239114696,2.424683279817173,0.26862745044384745
1.3480030544128727,0.44422645467593985,0.9752840681898937
0.9253150611339672,2.6827918517827283,0.7988103382478609
2.4751008589106163,0.7777226683803615,0.6182323639482628
1.0865132136325384,2.434545309009328,0.8850089403873427
1.524004183033822,0.13981412106504584,0.998905447373665
2.219776248989536,0.8589055079689188,0.7967007214766536
1.9956001960262806,1.7412756235664775,0.9111195842227647
2.335572886619826,2.713578837083029,0.721537080015829
1.3537756326520227,2.432282013423774,0.976543290004801
1.7006168952199692,1.3093335984434697,0.9915851382110282
0.8549658110285195,2.278027070704816,0.7545484802576726
2.4413162067250447,1.6942298301027827,0.6444291008432184
2.7215304532920084,0.34152716860880356,0.4078172466747375
0.949167789749492,0.259364816003737,0.8129311405404935
1.5637512431032292,0.9624368549308783,0.9999751835005325
0.3286277119875232,1.2039196582782143,0.32274448112030024
0.3509999049621966,2.704406895718386,0.3438369193195593
0.45436459911103655,2.1362102578012747,0.4388914692754334
1.978906037313939,2.280379059320773,0.9178726708626094
2.4701213327262774,3.095812670839383,0.6221385676402754
0.4058638427868727,0.1308089910665059,0.39481257323503455
3.1335372934452987,0.1661456715010255,0.008055273027631924
1.11170429491939,0.11861487603909265,0.8964552188446402
2.806524971583337,2.3126148649726996,0.3288330887055065
3.140363109421888,3.012200469139975,0.00122954385810566
2.6422661412554613,0.04242953051643858,0.47883438888758095
1.1949159108463085,1.2274301692089442,0.9301847891446304
0.07591167665119841,2.887010954463673,0.07583878977004309
1.5958400622023727,0.7352815601059929,0.9996864220483127
1.5329191693554152,1.5126210034698795,0.9992827462307174
0.011053194585743732,1.4339003892920916,0.011052969519924577
2.7289519824260835,2.118488518657613,0.40102974990091
0.4592508051438639,2.440461348622991,0.44327666451388514
1.9697954842613536,2.5898604741069886,0.9214502790713319
0.8247148261575451,2.234700995594652,0.734354245683764
1.3015385265809554,0.4637380081825333,0.963968598911303
1.4761939955805194,0.03614935012827149,0.9955285357756152
1.8461999005052434,3.111250014710985,0.9623155300504
1.6321181796797875,2.5925511147005986,0.9981204042880287
1.1449197370008146,2.353561713448673,0.9106769467856957
0.12711612907199651,2.5642484690579046,0.1267740710002391
0.39774005515031896,1.4461599103941774,0.3873358025832733
1.960325463982073,0.9334440903277648,0.9250879739056268
1.9038609739568695,2.684838124984155,0.9450448248947636
2.0994390865935246,1.6912872326733372,0.8634924057891784
0.2525118768438178,3.021053983188055,0.24983696487060722
0.7847594429231198,0.6347688567677245,0.7066549934015807
0.737867009284308,1.2526951911901105,0.6727112323567258
2.5592392313455528,2.8207389092319146,0.5499909671405309
2.3869869613807975,0.6833938304061669,0.6850014522475802
2.3613514582269985,2.2531209210583483,0.7034508677907527
3.053322814853068,2.6480339976953253,0.0881552566952044
2.8772316961893343,1.5997278030032875,0.26129247949228523
2.023421032793195,0.8728941413262583,0.8993023453920777
1.5985804015086396,2.42023617434748,0.999614047425271
2.5687359198830118,2.8239034279035695,0.5420349304086909
1.7268159705014015,0.07110358240792998,0.9878536045003103
2.4115454122787017,2.203620236300197,0.6669048372753031
0.566023815049313,1.5197513023587261,0.536280237769042
1.6116547690882572,1.8172000366361774,0.9991654099626122
1.5192918129127222,2.6960216860702233,0.9986739357029808
1.5225748674400497,0.19776039599844264,0.9988375707056578
1.6320677508043908,0.4273364014021148,0.9981234934732346
1.9289074754574616,1.645252999511736,0.9365605474121028
1.901977142482325,1.4881917994518379,0.9456590489804821
2.9926360351047463,0.9782780158035795,0.14840638585301735
0.6897315793641259,1.0692178381011452,0.6363301409475564
0.45213010161104494,1.207674163052459,0.4368825896928103
2.291541249218859,0.9043764332333843,0.751314330166124
0.7649152900908115,0.7974137224380022,0.692475887844743
0.881225814812527,1.8281446245908535,0.77151932894924
0.5637088864507418,1.6679068125785343,0.5343249102664761
1.5001978594180807,2.93868110711346,0.9975089631003807
1.2864555198257237,0.008705045387333289,0.9598467811729401
3.0635781366009223,0.9038806591602512,0.07793540489866606
2.1211537010252663,0.8943170906163627,0.8523376726766632
1.8374315224132374,2.1023003856227813,0.964662937921404
1.8137759196719767,1.6273319415270708,0.9706254070941311
0.8953646041331134,2.6086444071957655,0.7804370960520892
2.787172996285962,1.2818930693876178,0.34704615044114806
0.3655425297610847,2.105526115596208,0.3574560318610522
2.31081363278331,2.2288721274011745,0.7384568894002178
0.38959834111604874,3.0694601579208176,0.3798168865245404
1.5657393669061754,0.41060328009666514,0.9999872136055906
0.6798335621928129,2.343609168623075,0.6286635978115599
1.7398855984767312,0.20345279311306802,0.9857384373096688
0.616568988870963,1.944496292082932,0.578239320051121
1.5798093447583799,0.3369983901905904,0.9999593830285544
0.09773198286848617,0.19432246394180838,0.09757647532221388
0.7752467493510162,1.931279596485299,0.6998923369701291
2.310311242849525,2.6550387316280837,0.7387955580740494
1.6326530959259151,0.43321846933323166,0.9980874799895695
1.5555133420908354,2.354528182992379,0.9998832174623653
1.9995878894037968,0.9736922573961458,0.9094688481264164
1.6501366894107776,0.4959185523554436,0.9968542041535707
0.8264492548479764,2.8731858261727696,0.7355304124746229
2.7959272351122864,1.4454153822870277,0.3388228113228159
0.9838265940547776,2.1577726903507335,0.8326227840507573
0.05727382173095667,1.9263217586648855,0.05724251440254827
0.5953397207663885,1.796855495309356,0.5607900613918287
1.2851350944632154,0.579582005452585,0.9594755324783
0.030663955251392247,1.3181100125073846,0.030659150036115367
1.7143806534836004,2.5178328854038448,0.9897094683309675
2.994805352895269,0.8166359853046399,0.14626074257533245
1.7583635610279398,0.25878190383926913,0.9824607781979633
0.6505207577949689,2.150525168047405,0.6056008905009951
0.20161464029072426,2.3642041509427285,0.20025152611994146
1.6982530989157483,2.6038787421206866,0.9918883758115582
2.153400455437491,1.9404330700991679,0.8350326904692972
2.0155176784854056,0.9349390007438425,0.9027305767136845
1.782804765938592,0.5464976065651791,0.9776102633794058
1.1557971994813099,0.9605609636733926,0.9151166723526575
1.220070198188818,0.006395310075276562,0.939123477314194
2.7092983585253996,0.800531063448046,0.4189551390731776
0.1518619521887002,1.5118271689048166,0.1512789168415982
0.9387911363475797,2.6222573940292584,0.806844537209692
0.9024079307942924,0.8131265531816333,0.7848214310508794
3.0830950981961243,0.3514278065214462,0.058464198346863366
1.5763640602685625,0.974451152349078,0.9999845002120239
0.569306519044518,2.5404369319531943,0.5390480767292953
2.6639367185034595,2.9880579635046556,0.45969873511378984
1.1741592706865152,0.2376457360489768,0.9223653752551553
1.2096426324774718,2.461082831400466,0.9354897841427706
1.0592087273134718,1.4470040475651649,0.8719683781634643
0.47204175626743783,1.4394815069899043,0.4547057052658124
1.403120211932357,1.6031217661292143,0.9859752656066526
1.7253998060058737,2.3816467495350544,0.988072668019515
1.4226282800604768,2.8791703880664032,0.9890431822742098
1.1979299557103043,0.403639502168586,0.9312869929705726
0.7216060115921524,0.8123640419780327,0.6605912298020457
2.6976943326596787,2.1889521762063398,0.4294632320010902
2.711294447857825,0.01834771104400502,0.4171418426864455
1.7678308433829824,2.174924283823172,0.9806514181880612
2.2310513252678827,1.4439285502836192,0.7898358619537295
2.861927678998784,1.4153613752974634,0.2760336550694955
0.5040946345594466,2.325454562904863,0.4830148894233872
0.40008841709016174,1.1373274830216273,0.38949977831934074
0.6231084877074281,0.4310547042338661,0.5835622804601069
1.8578459261677664,2.047600387566099,0.9590833772247502
0.23041316239617562,2.459567102303365,0.22837978640633716
2.3053909028986026,2.9915339871677213,0.7421025644855073
0.1567742296638167,0.910591620005027,0.1561328147517576
0.08058964698857306,2.163287112710264,0.08050244116692667
3.0357074632461227,2.4188313490621605,0.10568744286586419
1.1098437831447066,1.4400380373846573,0.8956292111273312
1.7573659472164518,2.9492218570216298,0.9826463136794527
1.5171348360054855,2.3975988305602454,0.9985605676633191
2.0332515423899644,0.430029591058186,0.8949598095666584
2.9599193092210494,1.748775754030326,0.18067563131194672
1.7502095328652458,1.459892347165261,0.9839485768669811
1.0136593443194306,0.7653608577567634,0.8487724319118763
0.12718559434620677,0.42386510256024434,0.12684297549616125
2.025889673218214,1.699535982727997,0.8982200020299209
1.3210982174067987,2.8804001472820278,0.9689870664898151
3.0013837366067215,2.398446515055466,0.13974998453597898
1.8384719263480345,0.4770764295702658,0.9643882829306698
1.9918877175352314,2.6595991502035865,0.9126433706124399
2.0149782509469474,0.6968785751488805,0.9029625105170703
1.705866322579866,2.566180359124203,0.9908919080226715
1.218947854308539,2.9055189651737425,0.9387372711979993
1.4483202919629126,1.4317235016547285,0.9925091812332086
2.145296023491748,2.2125862147027267,0.8394642797251106
0.7503420873205404,1.5021618388901488,0.6818890216191182
0.5734674243336866,1.3363679088270106,0.5425480268088307
2.8251102198607447,1.4927179515941833,0.3112256229051215
2.1451164185866354,1.0576116376401639,0.8395618661614144
2.7372680490670676,1.1517236458902502,0.3933979129481683
1.1539607858385894,0.5920320118621579,0.9143747076704426
1.8091394792262758,2.031767056139701,0.9717304784595537
1.8984725952600356,3.064361838988039,0.9467927776698313
2.8105290669274607,0.5139803177014698,0.32504904294233505
2.7565347772593825,1.2274672072549215,0.37561277581078534
0.817662151689139,0.8888408323014018,0.7295489034321113
3.04282836865652,2.4285315632377684,0.09860379909886387
1.1693984183837036,1.1331669088932537,0.9205157230594269
1.9153332684495448,0.013576175855986028,0.9412319565005625
3.120329128084722,0.9844091275343273,0.02126192320169114
1.279189639562479,1.4950924899525926,0.9577832030950881
2.016513886151728,0.49863443730769536,0.9023015539696685
3.104851744576442,0.5459730231669334,0.036732643513390534
1.976981199722713,0.45615454453463333,0.9186348899379846
2.065970727491339,2.6881774496878625,0.8798858506034211
2.4760798793835765,0.5823911692848671,0.6174625622163004
2.475293181765216,1.5966738052730531,0.6180811876395665
2.9782786065037032,1.1158358154797874,0.16258904343939035
2.038620546374094,3.0980975361253154,0.8925515581800207
0.7887392573344504,2.246186054768031,0.7094653402900243
0.19220311000836077,1.5099279467097695,0.19102189825357926
0.25044186607011304,2.8547271778775882,0.24783206461238638
3.023157808014988,0.7705251069926868,0.11815816246360562
2.5864946810032867,0.12391259126462399,0.5270265646186081
1.8641474552935504,0.8555662950455478,0.9572802340913181
2.827343809795177,1.7140087870128273,0.3091021872899435
2.733601809537632,3.038453802930958,0.39676588593368695
1.129642056464232,1.2040315139896856,0.9042594113236057
2.5429683639580323,1.9564858624095542,0.5635065166753089
0.6253442254749935,1.7033027452633052,0.5853763924355311
3.0908184698082533,2.1667864128493206,0.050752370469075846
0.9931178179373985,1.4232553998655593,0.8377326275056811
0.8783598867912947,0.8638079272707484,0.7696928427274168
0.5727627002737911,1.6709752479276865,0.5419559064568364
1.7446666409349154,1.279075208145535,0.9849225980151615
2.831637547419853,0.12458491490309898,0.3050158822345949
1.741303483604604,2.9918624531375797,0.985498838182672
0.12247200648166656,3.0815645689662463,0.12216606840279573
0.16757158360278315,0.5080037303232229,0.16678844235923695
1.628217316426152,2.8786587068557097,0.9983518678971999
2.795841274879015,2.5538254934225306,0.33890368577374197
1.832641265824489,2.457362619722214,0.9659140357609991
2.344969195957239,2.171397188728821,0.7149995463495367
2.6286819182047854,2.036782189730248,0.49071550360605115
0.41321936769931833,1.8509046272513239,0.40155980638037353
1.3475982366662087,0.6588193495890008,0.9751945418887512
0.011984083086326333,3.1010257421243645,0.011983796232884578
1.31580792767712,2.7657195682301285,0.9676662218927382
2.696919309225004,0.07530697345938507,0.4301630144801313
2.473904012385303,3.0789309509245495,0.6191726367774805
1.0508603006046386,1.7552006875787516,0.8678509652171918
2.239588110465585,2.408695648402793,0.7845713790019665
2.238507676837671,2.637479550285849,0.7852408313966572
1.5438646823134714,0.8699054704744351,0.9996373651822179
0.32631845639887175,0.35436615372110475,0.3205579441276042
2.909664255184914,1.6321382375845117,0.22985471520227635
1.7988143877208789,1.7290119961464097,0.9741163199511237
0.5604907235384425,0.8456692048680323,0.5316019019728723
2.117166126242465,1.4322173699533862,0.8544163599294776
2.422318455577982,0.3597900857127823,0.6588388362483069
0.3501304726062482,2.505207941021729,0.34302036694259525
1.3351442918759784,2.9760222558824547,0.9723623128542187
2.9834254952237242,0.0065993868160087975,0.15750850876077094
1.8453234774624405,1.0230018727636045,0.9625534908186889
2.4656062935159353,1.237664725517317,0.6256670707856037
0.47579597669522933,0.5364979324371003,0.4580461585058701
0.8390851495112823,3.072636421821363,0.7440321797485799
3.0257643193935717,0.7198360674825772,0.11556951180375684
0.2537988180298066,2.375227434231441,0.2510828872352659
2.8089064020664094,1.1540658941415156,0.32658316388703823
0.19967744510185173,2.1770105206274026,0.19835319519040517
1.8674359814485826,0.2732922215004567,0.9563241434209634
0.04335082750908503,0.9216072499357452,0.043337250624781665
2.8347617101764206,2.0905106537541585,0.30203911068431005
1.6798299485931898,0.5860296999094456,0.9940617211759161
1.6880967967726217,1.2515441000340752,0.9931281846333888
1.220525782185806,3.0927103906241764,0.9392799093168305
2.1905671166267044,1.8891525050251605,0.8140116144487514
2.095881883107492,0.3327426173809884,0.8652810565194541
1.8902306841151726,0.1369459238598955,0.9494131984905402
